,annotations,candidates_holder,tweet_text,tweetid
0,['eric allen bell'],"['white people', 'eric allen']",@MarkDice Why I Hate White People - by Eric Allen Bell ,2332
1,[],[],We'll give 12 points to whoever promises us the best trade deal. ,1103
2,[],[],"Amidst the latest gaffe and questionable military tactics, let us not lose sight. ",398
3,[],[],", never apologize for who you are! ",2374
4,[],[],Wow What a performance! ,3054
5,['carter page'],['carter page'],Carter Page has the greatest odds of being tragically crushed beneath a piano at the bottom of a stairwell than anyone in earth right now ,463
6,"['carter page', 'fbi']",['carter page'],****FBI reportedly probed ex-Trump aide Carter Page during campaign****  via @nypost ,96
7,['camila'],['camila'],Camila on the yellow carpet at ,1914
8,"['trump', 'house republicans']","['trump', ""trump don't"", 'house republicans']",", TRUMP DON'T They don't care too much about you. Trump has made it clear and House Republicans have too. ",619
9,['sam clovis'],['sam clovis'],@shaltsch Sam Clovis. ,128
10,[],[],DamnüëÄüò£ ,3004
11,[],[],onairwithryan: just over here trying to keep our  to ourselves during niallhoran at ,1690
12,['americans'],[],All the Americans in my timeline are jealous of  and we tell them that's why we don't go to war anymore ,1460
13,"['trump', 'americans']",[],What the fuck Trump!! How the fuck does this help anyone but rich white americans? ,1016
14,['medicaid'],[],"Domestic violence is a pre condition according to the , along with the huge almost 1 Trillion Medicaid cut, wife beaters paradise 1.) ",600
15,"['carter page', 'fisa', 'trump', 'washington post', 'fbi']","['trump', 'washington post', 'carter page washington post the fbiŒ≥√ß¬™']",Washington Post FBI obtained FISA warrant to monitor former Trump adviser Carter Page Washington Post The FBIŒì√á¬™ ,101
16,[],[],Don't forget what they didn't teach you in public school. were also slaves throughout history. ,2387
17,[],[],The sooner the better.. know your place... ,2141
18,"['carter page', 'trump']",['carter page'],8 Things You Need to Know About the Former Trump Adviser. A Liar. Who Is Carter Page? ,69
19,['nylon'],['nylon mosquito net feet(96'],"v152676 599 8X8 EXTRA LARGE SIZE DOUBLE BED NYLON MOSQUITO NET FEET(96""X96"") WASHABLE ",1556
20,[],[],Miley singing 'We Cant Stop' at . ,1782
21,"['cantando', 'hailee steinfeld', 'starving']",['hailee steinfeld'],"Hailee Steinfeld cantando ""Starving"" no  - 13 de maio. ",1913
22,"['prince', ""let's go crazy""]","['prince', ""let 's go crazy""]","""Let's Go Crazy"" by Prince - covered by @maroon5, live at ",1950
23,[],[],üò∑üò≥ Fuck sake man!!! ,2668
24,['pantera'],"['frankie', 'pantera']",Tbh I honestly thought Pantera was going to win this one but oh well... Nice performance by Frankie though ,2829
25,[],[],"Brb, @LiamPayne is at !! ",1892
26,[],[],"When someone asks you what  is, just show them this picture and stare at them in silence ",1089
27,[],[],"That was ridic. Punchfaces galore, y'all. ",2782
28,['flint'],['flint'],Like why does Flint still have no water. There is so many other things to be fighting about. is the worst tag I've ever seen. ,2353
29,['niall'],[],", Niall  „ÄêFR:37.7t/m„Äë ",1860
30,"['usa', 'haim', 'snl']",[],I declare Haim's SNL performance as the unofficial USA entry for ,1341
31,['shashlik rap'],[],retweet if you think I should go to  2018 and do a shashlik rap ,1217
32,[],[],I called it when I woke up this morning ,570
33,['malibu'],['malibu'],"@1027KIISFM @MileyCyrus performing ""Malibu"" live for the first time at  is EVERYTHING! ",1763
34,['twitter'],['twitter'],Ignore it. is a hashtag Twitter pushes to incite hate. ,2493
35,"['carter page', 'fisa', 'fbi']","['carter page', 'snoop', 'fbi']",#NAME? ,368
36,[],[],My pinned tweet is no joke We must Our nation is going backward ppl    saved me. Gross!!! ,565
37,"['carter page', 'fisa']",['carter page'],We just found out about FISA Warrant n Carter Page and this is the best @realDonaldTrump can come up with to distract? ,131
38,"['andrew mccabe', 'donald trump', 'trump', 'rice', 'carter page', 'hrc', 'fbi', 'obama', 'lynch']","['andrew mccabe', 'hrc', 'donald trump', 'carter page']",Carter Page @TheCartelMatt FBI  HRC's Andrew McCabe was secretly working with  Lynch/Obama/Rice to spy on Donald Trump team VIA any means necessary! ,422
39,"['maia', 'linkin park']","['maia', 'linkin park']",Maia with the Linkin Park classic walk out song ,2758
40,['liam'],['liam'],Liam is so fine what on earth ,2001
41,[],[],I'm soooo excited!! ,309
42,"['russia', 'trump']","['russia', 'traitor trump']",Keep investigating TRAITOR TRUMP ties to Russia ,483
43,[],[],"Wake Up Sheeple &amp; Stop Drinking The Left's ""Fool-Aid"" !! ""Thaaat's Right""...""You Know It's True""... ",2435
44,[],[],Lighter shade of brown ,2138
45,[],[],No distractions. Keep up the pressure to get to the truth. ,450
46,[],[],"@senrobportman @amyklobuchar Will u oppose ,which would eliminate any progress made in the fight against the ?Will u fight for Ohioans? ",868
47,['poc'],[],Nice going fam. got these POCs scared. ,2107
48,[],[],First fight sucked and second fight ended too soon üòí ,2869
49,[],[],we love everyone with good will ,2196
50,['eurovision'],['eurovision'],That time I performed&amp; hosted Eurovision's Opening Ceremony ,1174
51,[],[],"@votebenstuckart You need to be repealed and replaced. @cathymcmorris thanks MoRo, yor a peach. ",781
52,"['bloods', 'crips']",['the bloods'],"The Bloods &amp; Crips once squashed their beef, came together, &amp; made dope music...why can't the current Red &amp; Blue do‚Ä¶ ",912
53,[],[],"IM LOGICAL. Fuck liberal/right wing. Im getting a little too political tonight, but at what point does the #  become . ",2260
54,[],[],Haha I just watched  and I found this weird and strange haha ,1366
55,"['also-holloway', 'aldo']",['aldo'],"If they match me up with Aldo for a third time, I don‚Äôt know. MMAFightingEdgar: I want the winner of Aldo-Holloway. ",2945
56,[],[],If you are White and think you are oppres‚Ä¶ Have been for centuries. We ARE the oppressors. Oppressed? ,2351
57,"['carter page', 'fisa', 'fbi']",['carter page'],We don't know. Based on what? FBI convinced FISA judge to provide warrant. Carter Page ,90
58,['nylon'],['king'],"v152653 185 8X6 (96""X72"") FEET KING SIZE Normal quality DOUBLE BED NYLON MOSQUITO NET ",1557
59,['kay'],[],I did not watch Can I still call you Kay? It used be Kay. I don't know what name to call you. @auroraslane Its you! ,1496
60,"['scared to be lonely', 'niall cantando']",[],-CT‚ô° Niall cantando Scared to be lonely en el  . ,1994
61,[],[],me being ignored by everyone in the group chat ,1282
62,['demian'],['demian'],Come on then Demian! ,3049
63,['pa'],['pa'],"With love- a resident of Pa. @PAAttorneyGen will you join him, please? ",770
64,['trumpcare'],[],"It is now Trumpcare, a disgusting bill that protects the rich and let the poor to die without proper coverage Stop calling this . ",750
65,['raccoon gosha'],['crazy raccoon gosha loves washing everything'],"Crazy Raccoon Gosha Loves Washing Everything ,,, ",1865
66,"['portugal', 'canonization', 'holy father']",['portugal'],It is no coincidence that Portugal won  on the day of the  canonization by the Holy Father. ,1306
67,"['rodriguez', 'edgar']","['rodriguez', 'edgar', 'edgar fighted brilliant', 'damaged rodriguez']","Edgar Was On Fire üî•üî•üî• Wanted More From Rodriguez TBH Edgar Fighted Brilliant &amp; Damaged Rodriguez, Whole Eye Closed Up. ",2946
68,"['ufc', 'frankie', 'mcgregor']","['ufc', 'frankie']",The fight the UFC never wanted was Frankie vs McGregor.. it would have been interesting to see. ,2686
69,['bulgarian'],[],When you realise the Bulgarian entry was born in the year 2000 ,1080
70,[],['queen'],Queen üëë ,1843
71,['la'],[],LA you sounded amazing singing  ‚Ä¶ Thank you @1027kiisfm for the invite. ,1736
72,[],[],Can I rt this 10 times?üôÉ ,2096
73,[],['daniel cormier'],@dc_mma @ufc Awesome commentator! Great champion. Great talent and heart. Have I ever mentioned I love Daniel Cormier? ,2635
74,[],[],and with that swift but firm booty shake - australia were never invited back ,1455
75,[],[],It's the real issue causing divide... racism takes a backseat ,972
76,"['carter page', 'fox news', 'fisa', 'fbi']","['carter page', 'fox news the']",Carter Page: FBI reportedly obtained FISA warrant to monitor ex-Trump adviser - Fox News The  is deep. ,76
77,"['russia', 'page']","['russia', 'page']","""there was probable cause to believe Page was acting as an agent of a foreign power, in this case Russia ",514
78,[],[],@MileyCyrus &amp; @noahcyrus surprised their mom with a birthday cake at ! AWWW! ,1887
79,"['carter page', 'syria strike']","['carter page', 'syria']",Stay focused The Syria strike was a distraction away from . @mcspocky Looks like Carter Page will be one of the first dominoes to fall. ,28
80,[],[],don't riot in the streets when a cop shoots a white person. ,2304
81,[],[],while republic*ns r rejoicing in carts of beer &amp; celebratory songs millions of americans will die in the coming yrs bc of lack of healthcare ,931
82,"['house', 'aca', 'house republicans', 'obamacare']",['house republicans'],"Instead, it l‚Ä¶ The House Just Passed a Bill to Rewrite Obamacare ""House Republicans say their bill repeals the ACA. ",677
83,"['australia', 'africa', 'north america', 'antarctica', 'south america', 'europe']","['australia', 'africa', 'north america', 'antarctica', 'south america', 'europe']","We Europe are drunk and we are taking Australia with us.‚Ä¶ Hey Africa, North America, South America, Antarctica. ",1352
84,[],[],The beautiful @noahcyrus üòçcan't wait to see you on our  main stage! ,1848
85,['ostriches'],[],",,, Ostriches tried on skiing gear, and what happened next will stun you! ",1925
86,[],[],"Watch it - &amp; never believe them again! FAKE ""casualty tactics"" caught on video - in detail! ",1552
87,[],[],2nd Round KO for Gambred ,2980
88,"['republican party', 'democratic party']",[],"The Democratic Party today is not the Democratic Party from 100-150 years ago, same with the Republican Party...‚Ä¶ ",2436
89,['liberty university'],['liberty university'],"how absurd do they need to get? ""Liberty University"" is silly from bar 1. you have 2 admit ",2111
90,[],[],"Slay, @HaileeSteinfeld! ",1910
91,"['ufc', 'stipe', 'jds']",['ufc'],JDS vs Stipe better deliver. Worthy fight card indeed. In a Sports bar with the fianc√© catching UFC 211 was a great decision. ,2841
92,"['trump', 'rose garden', 'house republicans']","['trump', 'rose garden', 'house republicans']","Trump, House Republicans take health-care victory lap in Rose Garden ",974
93,['maia'],['maia'],Maia should come out to ‚Äústranglehold‚Äù. ,2873
94,[],[],"At least White Power isn't the trend, like who the fuck even started this one :p.. ",2462
95,['phil'],[],if they wanted phil and i to host they could have just asked there's no need to hijack our style ,1320
96,[],['er'],"Terrible. A sad day indeed for emergency physicians and their patients, who may lose guaranteed coverage for ER visits thanks to . ",548
97,[],[],‚¨á„ÄêStore„Äë bat dances in the clouds and blue moonlight „ÄêLINETheme„Äë ,1499
98,['niall'],[],| @iHeartRadio üî• Who's excited to see him on stage tonight?! Niall is on the carpet!! ,1948
99,"['ireland', 'uk']","['ireland', 'uk']",300 years and all that. Ah well. No points from Ireland to the UK. ,1260
100,"['maia', 'rick story']","['maia', 'rick story']",That one time when Maia squeezed Rick Story's brain out of his head ,2915
101,"['niall', 'on the loose', 'meu deus']","['on the loose', 'meu']","(via @chxudry) MEU DEUS Niall performando ""On The Loose"" no ",1735
102,[],[],"But those @HillaryClinton emails........(looking for ""head exploding"" emoji) ",177
103,['camila'],['camila'],Camila durante a performance de Bad Things no ,1821
104,[],[],When @NiallOfficial brings out  üíÉüèª ,1766
105,[],[],Let's go @demianmaia  üëçüëä So nervous for this one. ,3007
106,['rus'],[],won  w/song on .s  atrocities last yr = good  for Rus public while  &amp;  public distracted ,1523
107,[],[],"üëáüèº Just listen &amp; learn? So... , here's an idea: how about we stop defending for a sec, &amp; pay attention. ",2285
108,['senate gop'],['snub house'],Senate GOP to Snub House   Bill and Write Its Own  via @bpolitics ,686
109,[],[],LOOK AT HER ‚òπÔ∏è ,1864
110,['maia'],[],Ruh roh! Maia coming out to Linkin Narc? ,2705
111,['american'],[],Don't wait around for the American taxpayer to pick up YOUR tab. Simple. @CNN Get a job and get coverage. ,903
112,[],[],But the real story here is stupidity. I was going to write about hate and betrayal. ,397
113,['carter page'],['carter page'],@MikeMalloyShow Carter Page Does this mean the worship of phallic symbols is over &amp; we're back to reality? ,402
114,['niall'],[],"¬©  courtneyjbarry /isa Niall performing at 102.7 KIIS FM‚Äôs 2017  ‚Ä¢May 13th, 2017! ",1890
115,"['flynn', 'gen. flynn', 'hallelujah']","['flynn', 'asshole yellow belly']",Hallelujah Gen. Flynn - Mr. Asshole Yellow Belly That fear begets true confessions. Weakness spreads like fear whenever any such piece fails ,113
116,[],[],This is just one consequence of the . Take note. ,612
117,[],[],Thanks @maroon5 and @adamlevine !!! ,1710
118,['americans'],[],Don't B fooled. The  will not serve those Americans with pre-existing conditions. ,782
119,[],[],LOST IT ,461
120,[],[],My dad is going to be so pissed when he finds out how much money is spent to vote for @isaiahofficial ,1275
121,[],[],i fucking love this song ,1808
122,[],[],@seanhannity what about this spy... ,31
123,['niall'],[],üòçüòçüòç Niall en el !! ,1682
124,"['carter page', 'russia', 'rosneft', 'russia oil', 'trump']","['carter page', 'russia', 'rosneft', 'counter-terrorism']","Carter Page was the target of Counter-terrorism probe &amp; investor in Rosneft, the Russia oil giant &amp; Trump advisor. ",385
125,"['camila', 'instagram']",[],Camila no Instagram story da @Chelsea_Briggs ,1656
126,"['puppet master', 'comrade comey']",[],Comrade Comey did as his Puppet Master ordered. ,63
127,[],[],"ah yes, the jewelled milk carton, my favourite instrument ",1463
128,['republicans'],[],republicans are literally evil lol ,851
129,[],[],Some seriously good talent this year Seriously love watching  every year. ,1206
130,"['b.j.penn', 'alex caceres', 'yair rodriguez', 'frankie ed']","['frankie ed‚Ä¶', 'alex caceres', 'yair rodr√≠guez', 'b.j. penn']","Frankie Ed‚Ä¶ After narrow Alex Caceres win &amp; B.J.Penn, this was too big a step up. Reality check for Yair Rodr√≠guez. ",2835
131,[],[],This scar face song is scary. ,2951
132,[],[],One @Potus Multiple issues. I can not recall a day where I have been so angry so many different times to the point of seeing stars. ,671
133,['gop'],[],@RepJimRenacci it's time We're supporting your opponent. The GOP health bill will take away rehabilitative care. ,887
134,[],[],Apparently I must censor myself because some effeminates are watching tv. ,1453
135,[],[],Top level mangling. Good heavens. ,2810
136,"['maia', 'masvidal']",[],Masvidal is a hell of a fighter but Maia can tap out anyone in the division ,2896
137,['trump'],['trump'],Anyone trademarked Trump Coffins yet? ,805
138,['wonder world tour'],[],‚ò∫Ô∏èAnyone else? Her performance gave me such Wonder World Tour vibes! ,1734
139,[],[],As you should be unlike everybody else you're the first person I've seen say this ,2549
140,[],[],"Face it, we're fucking rainbows. Are actually lizards because we turn green,red,purple,pink,yellow,and grey. ",2200
141,['socialist'],[],Plus your new world is being invaded by third world savages. Socialist medicine fails when the rich run out of money. ,707
142,"['tmt', 'uber', 'bobby ryan']",['bobby ryan'],TMT Boxer Broke And Driving Uber    Bobby Ryan ... ,2806
143,"['edgar', 'mmafighting']","['edgar', 'tko']","Edgar by TKO, doctor‚Äôs stoppage. MMAFightingThe fight is over. ",2709
144,"['masvidal', 'scarface']",['the scarface'],Masvidal coming out to the Scarface ending theme is hilarious. ,2991
145,[],[],Me too ,2502
146,['obama'],['obama'],Obama really really really liked ,2515
147,['racism'],[],Racism wouldn't exist if white peoplr didn't create the social construct of race. ,2217
148,"['portugal', 'euro', 'mccanns']","['portugal', 'euro portugal']",All going according to plan‚Ä¶ Portugal üáµüáπ arrests the McCanns Portugal üáµüáπ wins Portugal üáµüáπ wins Euro ,1230
149,['moldova'],['congratulations moldova'],Congratulations Moldova for the 3rd place ‚ù§Ô∏è ,1418
150,"['carter page', 'sean spicer']","['carter page', 'sean spicer']",Sean Spicer on Carter Page: ,4
151,[],[],i will die for her tummy RIGHT NOW ,1800
152,[],[],üëÄüá©üá∞ Oh shit here we go! ,1245
153,"['scary clown cars', 'republicans']",['scary clown cars'],Wait til you see how they add their tax schemes to the mix Sad+Bad With  Republicans have become the party of Scary Clown Cars. ,967
154,[],[],I demand another vote! ,1542
155,"['carter page', 'trump', 'fisa', 'fbi']","['carter page', 'trump', 'fbi']","PROTEST NOW NOT MY PRES FBI obtained FISA warrant to monitor former Trump adviser Carter Page, because like Trump himself - Power Corrupts? ",503
156,"['health care act', 'house republicans']",[],"Health Care Act Stop fascist regime &amp; House Republicans bf more hurt/killed, here or arnd world! ",957
157,['polonium tea syndrome'],[],Sudden onset polonium tea syndrome is my guess. ,529
158,[],[],"This is very common for non-POC. It didn't affect us."" ""We didn't talk about race because we didn't have to. ",2248
159,"['andrew mccabe', 'donald trump', 'trump', 'rice', 'carter page', 'fbi', 'hillary', 'obama', 'lynch']","['hillary', 'andrew mccabe', 'donald trump', 'carter page']",Carter Page @marklevinshow FBI  Hillary's Andrew McCabe was secretly working with  Lynch/Obama/Rice to spy on Donald Trump team VIA any means necessary! ,444
160,"['masvidal', 'scarface']",[],Masvidal coming out to the scarface theme song üî• ,2633
161,['spain'],['spain'],Spain are now the country who have waited the longest for a win.. (48 years) ,1192
162,"['carter page', 'spicer', 'cnn']",['carter page story'],Where the hell is carter page story? Im going to lose my mind cnn shows the spicer interview with wolf one more time. ,105
163,['british isles'],['british isles'],@eliistender10 I think that you'll find this is the best  entry from the British Isles ,1560
164,"['israel', 'eurovision']","['israel', 'eurovision']",Besides Israel is in‚Ä¶ Israel should be banned from participating in Eurovision b/c of appalling human rights record. ,1308
165,[],[],"@BrendanSchaub Got the same,surely a title shot for whoever wins this ",2601
166,"['russia', 'darth vader']","['russia', 'darth vader']",I think these guys that sold out our country to the devil (Russia) should probably get a Darth Vader like body guard for protection. ,390
167,[],[],@realDonaldTrump @funder   The truth just keeps slowly trickling out! ,399
168,['christian'],[],I am proud to be a white Christian male. ,2302
169,[],['constituent'],SHOW your senators that a vote for  is political suicide. Direct action at constituent office near you. Call YOUR REPS WHO VOTED YES. ,730
170,"['carter page', 'trump', 'fbi']","['carter page', 'trump']",FBI received warrant to monitor Trump adviser Carter Page: report ,323
171,['carter page'],"['office', 'carter page']","Place you bets, I say @realDonaldTrump will be out of office in next 12 months And @mike_pence needs to follow him too  ""Carter Page"" ",161
172,['portugal'],['portugal'],Well done to @Dean0909 for winning the sweepstake! WINNER is Portugal! ,1070
173,[],[],Now there's fire to go along with a ton of smoke. ,278
174,[],['god'],", for the love of God, ",513
175,['floridans'],[],Today you put Party before constituents &amp; we do not forget. Floridians will not forget your YES vote today on . @RepRooney @TomRooney ,624
176,['liam payne'],['liam payne'],Liam Payne just showed up on the  yellow carpet üî• | @iHeartRadio SURPRISE. ,1903
177,"['carter page', 'trump', 'fisa', 'fbi']","['carter page', 'trump', 'fbi']",Drip drip... FBI obtained FISA warrant to monitor former Trump adviser Carter Page ,455
178,[],[],DAMN ,2918
179,['maia'],['maia'],I'm taking Maia. Last minute change. ,2929
180,['azerbaijan'],['azerbaijan'],Looks like Azerbaijan has been playing my horse prince ,1291
181,['senate'],[],"Hey @SenatorMenendez and @CoryBooker, just wanted to confirm you'll both be voting ""NO"" when the  hits the Senate, right? ",626
182,[],[],i LOVE how she sings this ,2008
183,"['twood', 'masvidal']",[],"I don't think he will but if Masvidal wins, him vs TWood for the title is gonna be CRAZY! ",2866
184,[],[],Thank you A new meme has been born. ,1475
185,"['australia', 'europe']",['europe'],austalia: SiNcE wHeN iS aUsTrAlia iN eUrOpE? everyone: since when is australia in europe? ,1395
186,[],[],ICONIC. ,1326
187,['liam'],['liam'],üì∏ | Liam at  tonight  [@901Music] ,1958
188,"['trump', 'trumpcare', 'house republicans']",['trump'],These 24 House Republicans voted for Trumpcare in seats where Trump got less tha.. ,778
189,[],[],we hate white people like youuuu not all of them babygirl ,2146
190,[],[],"@GamebredFighter is the epitome of the overused term ""gangster"" ",2725
191,"['democrats', 'obamacare', 'house republicans']","['why democrats', 'house republicans']","Why Democrats sang ‚Äúhey, hey, hey, goodbye‚Äù after House Republicans voted to repeal Obamacare  via @voxdotcom ",951
192,['liam'],['liam'],üì∏ | Liam at  tonight. ,1814
193,[],[],Dont see you on @TIME influencers list. Took tremendous work and sacrifice. accomplishments. ,2331
194,[],[],is over for another year ‚Äî here's some of the funniest Tweets. ,1538
195,[],[],But Not Painless This will be quick.. ,2857
196,[],[],I will custom sign for winner!‚Ä¶ Once this tweet with my   sweatshirt hits 250 RT the contest will begin. ,2570
197,"['carter page', 'trump', 'fisa', 'fbi']","['carter page', 'trump', 'fbi']",FBI obtained FISA warrant to monitor former Trump adviser Carter Page ,336
198,[],[],"We can't wait for @Camila_Cabello to hit the stage with @machinegunkelly! Mic Check 1, 2!! ",1569
199,"['rachel', 'trump']","['rachel', 'trump']",Rachel  should do a special w/ all the planned segments that had to be tossed due to late-breaking Trump admin bombshells. ,362
200,[],[],Remember their names. ,636
201,['coal mining'],[],"those coal mining states beware you have the most to lose, no jobs, no vacations, no health care, no pre existing healthcare, or retirement ",559
202,[],[],Beautiful @birgitstauber! ,1440
203,"['canelo', 'yair']","['canelo', 'damnnn yair']",Just not today‚Ä¶ Hell be back and maybe he can still be bigger then Canelo some day. Damnnn Yair took a beating. ,2881
204,"['gop', 'republicans']",['gop'],"This is why I left the Republicans years ago. Get ready to sing ""Nah nah nah"" in 2018, GOP. ",650
205,"['on the loose', 'niall cantando']",[],Niall cantando 'On the Loose' esta tarde en el ! ,1900
206,[],[],üò≠‚ù§Ô∏è Fuck. ,1378
207,"['hold tight', 'justin']",['justin'],Justin singing Hold Tight last 2 years ago at ,1797
208,[],[],love white everything! ,2153
209,['hillary clinton'],['hillary clinton'],Hillary Clinton in 1975: Defends a Child Rapist   i ,1349
210,"['maia', 'bjj']",['maia'],I expect a great display of BJJ by Maia ,2614
211,[],[],Hold your applause... ,939
212,[],[],Excuse us.. @NiallOfficial coming through ,1733
213,[],[],Show has been amazing but I only came to see @TanyaRad @1027KIISFM ,2024
214,"['maia', 'masvidal']",['maia'],"Here's my breakdown Maia is such a beast. I got Masvidal, but don't feel confident at all about it. ",2755
215,[],[],Let's not forget. ,432
216,[],[],Crowd reaction says it all ,2661
217,[],[],Fuck ,1380
218,[],[],@1027KIISFM   Can't wait for my first performance EVER of  üåä ,1940
219,"['maia', 'linkin park']","['maia', 'linkin park']",Maia is coming out to Linkin Park üòÇ ,3065
220,[],[],@adamlevine is fucken hottttttt ,1704
221,"['maia', 'masvidal', 'gameb']",['maia'],After Masvidal's last few fights fools are like this for Gameb‚Ä¶ Much props to Maia for stepping up to the challenge. ,2940
222,"['niall cantando', 'this town']",[],Niall cantando This Town no  ! ,1989
223,"['trump', 'russian government', 'fisa', 'fbi']","['trump aide', 'the russian government', 'fbi']","REPORT: FBI Obtained FISA Warrant For Trump Aide, Believed He Was 'Agent Of The Russian Government' ",0
224,['twitter'],['twitter'],"So Twitter can just let  trend like it's nothing, but if  were trending then there would be‚Ä¶ ",2160
225,['type 1 diabetics'],['type 1'],Or... the US equivalent of...me. A similar situation to Type 1 diabetics on too low an income. ,682
226,"['maia', 'masvidal', 'numb']",['maia'],I pick Masvidal to win big here because Maia has Numb as his walkout song. ,2664
227,['america'],['america'],or Ignant af complete selfish asses They are either When  say they wanna 'make America great again' .. ,2148
228,[],[],"Yikes  is full of some serious, top notch shit ",2079
229,"['russian', 'trump', 'manafort', 'flynn', 'carter page']","['russian', 'trump', 'manafort', 'flynn', 'carter page']","Relieved that Trump only surrounds himself with the best people-the best people with Russian ties: Carter Page,Flynn,Manafort... ",191
230,[],[],Updated winners map ,1113
231,"['niall', 'red carpet']",['red carpet'],(7) Niall no Red Carpet do . ,1709
232,[],[],Alright!! ,2802
233,[],[],@JaynePenelope When  call other   then you know they're  or  ü§î ,2395
234,[],[],"Let us not be distracted by ignorance, @PressSec ",133
235,"['house', 'senate republicans', 'health care law']",[],Senate Republicans Already Say the House Health Care Law ‚ÄòFalls¬†Short‚Äô ,614
236,"['americans', 'african americans']",[],"must be nice to know exactly where you came from, because most african americans don't have that privilege ",2268
237,[],[],It's clear that no one actually knows the rules ,2971
238,['dreamworks'],['dreamworks'],Feel old yet? This is him now! Remember the DreamWorks kid? ,1220
239,['iran deal'],"['obama', 'iran']",See how easy that was? Pretty much everything Obama did. Iran Deal Things more dishonest than ,915
240,[],[],‚úåÔ∏è @MileyCyrus takes us to ! ,2043
241,[],[],What a disgrace. ,824
242,[],[],be crazy. ,2481
243,[],[],"@LouiseMensch Well, look at that.... ",544
244,[],[],üò±üò±üá¶üá∫üé∂‚ù§Ô∏è OMG 4th in the JURY VOTE AND 9th OVERALL!!!! ,1241
245,"['russian', 'syria', 'trump', 'carter page', 'holocaust denier', 'sean spicer', 'russian agent']","['carter page', 'syria', 'sean spicer']","Media: ""SEAN SPICER IS AN ANTI SEMITE HOLOCAUST DENIER AND CARTER PAGE IS A RUSSIAN AGENT!!!"" Trump: ""We are not going into Syria"". ",331
246,"['kyiv', 'lee lin']",['lee lin'],She's a fierce queen She even pronounced Kyiv correctly. Lee Lin killed it!!! ,1294
247,"['russia', 'page', 'fbi']",['russia'],The FBI believed there was probable cause that Page was acting as an agent of Russia. More than that. ,401
248,[],[],In my head: Me: Nothing Them: Whatcha thinking about? ,1144
249,['niall'],[],Niall no backstage do  ontem - 13/05. ,2038
250,"['clintons', 'bill clinton', 'hillary', 'marine', 'tb']","['bill clinton', 'clintons . marine']",Marine confronts Bill Clinton on his lying wife Hillary.‚Ä¶ Just a little TB on  and the Clintons. ,2356
251,['maia'],['maia'],i wanted to root for Maia in this fight until i heard his entrance music. ,2571
252,['frankie'],['frankie'],I'm a little behind just finished round 1 but my dude Frankie doin work! ,2894
253,"['ufc', 'linkin park', 'brazillians']","['ufc', 'linkin park']",If I've learned anything from watching UFC for 10 years is that Brazilians really love early Linkin Park ,2906
254,"['dem', 'gop']",['dem'],GOP and DEM ,149
255,"['house', 'gop']",[],üëèüèªüëèüèª THANK THESE GOP House members who put their constituents FIRST. ,644
256,"['niall', 'instagram']",['instagram'],Niall in courtneyjbarry's Instagram story (May 13th) ,2055
257,"['carter page', 'wapo']",['carter page'],Most delicious part of the WaPo Carter Page story. ,37
258,[],[],"@realDonaldTrump You're all going to be unpleasantly surprised over the next few years, you worthless, amoral sociopaths ",748
259,"['cantando', 'miley']",[],miley cantando y bailando we can't stop MY 2013 FEELS ,1775
260,['susan rice'],['susan rice'],Still about the leak problem? Guess that Susan Rice nonsense can go away now. Well well well. ,10
261,"['soviet russia', 'carter', 'page']","['soviet russia', 'carter', 'page']","@JohnFugelsang In Soviet Russia, Page carts Carter around! ",410
262,[],[],@MileyCyrus is BACK and taking us back to her roots with  at ,1802
263,[],[],"Hail victory! And to think, this is only the beginning - believe me. ",2431
264,"['representatives', 'senators']",['representatives'],Call your Senators AND the Representatives that voted for this bill. ,625
265,[],[],Here we go! ,2799
266,['carter page'],['carter pag'],the mainstream isjust catching up with what you  posted almost amonth ago about Carter Page.Y A unreal @LouiseMensch You are just unreal. ,454
267,[],[],That was the funniest part of  this year hilarious üé∂üé∂üòéüòéüòÇüòÇüòÇ ,1172
268,[],[],@FakeJoeSilva Well deserved! ,2827
269,[],[],"Sorry you forgot that. @greeneyes0084 Because  are bombing the shit out of their homes, schools, hospitals &amp; more, for oil/resources. ",2410
270,[],[],Hopefully he will never win another one. ,2767
271,"['camila', 'bad things']",[],Camila and @machinegunkelly performing Bad Things tonight at ,2064
272,['carter page'],['carter page'],"The blaze is coming. Ah, but Carter Page is the kindling. ",434
273,"['carter page', 'sean spicer', 'holocaust centers']",['sean spicer carter'],Holocaust Centers     Sean Spicer Carter Page ,264
274,['miley'],[],"üíêüòòüå∑üå∏ ""- Miley so cute! ""You know I had to come bearing gifts! ",1680
275,"['united states of west america', 'united states of  east america', 'united states of flyover america']","['united states of west america', 'united states of flyover america', 'united states of east america']",Not so much United States of Flyover America? United States of West America and United States of East America have nice rings to them. ,662
276,[],[],"HE WAS SO NERVOUS THAT DAY, ",2016
277,"['american', 'gop', 'house republicans']",[],The GOP house Republicans passed the  against the will of the American people who when last polled said about 17% supported this bill. ,795
278,['scarface'],['the scarface'],Let's go! @GamebredFighter coming out to the Scarface song!!!! ,3005
279,"['avocadies', 'bananies']",[],this mf look like bananies and avocadies ,1130
280,"['maia', 'damian maia']",['damian maia'],i have taken jiu-jitsu from Damian Maia ,2948
281,"['pbo', 'trump', 'fisa', 'fbi']","['pbo', 'trump', 'fbi']",Worst spin of a legal FISA warrant by FBI.... ever. I know you are not trying to say Trump was right about illegal wiretapping by PBO. ,173
282,[],[],"@KamalaHarris I have no doubt you oppose this, but I urge you to make the impact clear and I will stand beside you in this fight. ",820
283,[],[],@joannamma @jessicammapro @FrankieEdgar @panteraufc @stipemiocicufc @junior_cigano @GamebredFighter 175 RT away fr‚Ä¶ ,3022
284,[],[],Can someone please tell me something  can do without killing themselves that's not racist at this point? ,2246
285,['frankie edgar'],['frankie edgar'],"So, um, you want to fight Frankie Edgar?? ",2864
286,['frankie'],['frankie'],"Someone go edit Frankie's wiki page to have the result of that last match be ""legalized murder"" ",2994
287,"['niall', 'liam']","['niall', 'liam']",Liam watching Niall's performance at ,1693
288,[],[],this isn't funny but it's funny ,2555
289,"['wnyers moc', 'townhall']",['moc'],Host a townhall. @RepChrisCollins WNYers know MOC exempted themselves from the worst parts of the  Your constituents wd like a word. ,569
290,[],[],Numberwang!! ,1252
291,"['dq', 'nc']","['dq', 'nc']",That's bullshit it shouldn't be a NC he should have got DQ ,2691
292,[],[],White women are tired of being fucked with if ya don't wanna get slapped like a bitch leave me alone lol ,2405
293,"['obama', 'isil']",[],"Obama: ""We're Training ISIL""   i ",1250
294,['african americans'],['dear african americans'],"Our common struggle is not about race, it is against unrestrained globalis‚Ä¶ Dear African Americans - he lied to you. ",2379
295,['french'],[],He will lecture us all about diversity but will live like all hypocrites quite differently! He's an elitist white French snob! ,2326
296,[],[],Hi @Camila_Cabello üëãüèºüòò Gorgeous as always! ,2007
297,[],[],Hi @Jiffpom! Thanks to our friends  and . Our backstage social stop was so much fun! ,1631
298,[],[],@FrankieEdgar beat up @panteraufc like hes bestfriends with @bjpenndotcom ,2749
299,"['carter page', 'trump', 'greg leppert', 'fisa', 'fbi']","['carter page', 'trump', 'greg leppert', 'fbi']","Greg Leppert is reading ""FBI obtained FISA warrant to monitor former Trump adviser Carter Page"" ",528
300,"['russian', 'trump', '2016 presidential campaign', 'fbi']","['trump', 'fbi']",FBI had reason to believe during 2016 presidential campaign that Trump team included Russian agent or agents. ,276
301,[],[],If u feel like u need to tell someone u can share it or DM     üòò Creating a safe space for ppl who need it. ,3001
302,['carter page'],['carter page'],"""Carter Page""  @FBI @AdamSchiffCA @MarkWarner @NancyPelosi @HillaryClinton @MSNBC @maddow @washingtonpost ",5
303,"['carter page', 'russian', 'fisa']","['carter page', 'russian']","FISA warrant because they believe he was/is a Russian agent. Look it's Carter Page, once again. Oh my. ",361
304,"['gop republicans', 'rep. joe kennedy']",['joe kennedy'],Calling it like it is üíö  The GOP Republicans My   is Rep. Joe Kennedy. ,994
305,[],[],what the contestants think we want to see vs. what we really want to see ,1093
306,"['maia', 'masvidal']",['maia'],Maia is amazing but Masvidal ftw This fight is gonna be live. ,3039
307,['hillary clinton'],['hillary clinton'],Hillary Clinton - a true story of murder   i ,1350
308,"['amanda', 'texas', 'nina']","['amanda', 'texas', 'nina']","Not visiting Texas anytime soon. Goes to show how conservative Texas is. When Amanda kissed her gf Nina, I heard some boos. ",2944
309,['spain'],['spain'],Spain be like ,1191
310,[],[],Okay  over now to watch whatever this  is so I can see the @backstreetboys!! ,1819
311,['edgar'],['edgar'],Edgar did him! ,3034
312,[],[],We see you @ALIAQUINTA üòÇ ,2711
313,"['ukrainne', 'russia', 'bosnia', 'portugal']","['portugal', 'ukraine', 'russia', 'bosnia']","Russia or Bosnia to win next year? Portugal takes 1 year off, wins the next year. Ukraine takes 1 year off, wins the next year. ",1116
314,['maia'],['maia'],"I got Maia, he even comes out to my favourite song from high school. ",2581
315,['united kingdom'],['united kingdom'],"as if we weren't already unpopular, post-brexit united kingdom may be the first contestant to actually get negative points! ",1450
316,[],[],@NiallOfficial had all of  swooning over  &amp; more! ,1893
317,['miley'],[],Miley backstage at . ,1582
318,[],[],HAPPY BIRTHDAY MT‚Ä¶ @noahcyrus &amp; @MileyCyrus surprised mommy @tishcyrus with a birthday cake at  tonight! ,1762
319,"['dear white people', 'bill nye. sjw']","['dear white people', 'bill nye', 'netflix']","I didn't like ""Dear White People"" and Bill Nye's new SJW show... but censoring old content.. NETFLIX CANCELED ",1013
320,[],[],who don't like hashtags about white people are the snowflake white people who need to actually learn about white people. ,2275
321,['ukraine'],['ukraine'],Ukraine's president cancels  visit after deadly shelling in east ,1526
322,[],[],"Mad respect guys! Grateful for white men who recognize their societal privilege, and use it to empower women &amp; people of color. ",2226
323,"['nunes', 'wh']",[],"You know, like a liar does. Makes it seem like Nunes and the WH colluded to hide the real reason the admin was surveilled. ",518
324,[],[],when the memes are spicy ,1087
325,['house republicans'],[],alternately: the 20 ppl i will kindly usher out the door before i open a can of whoop-ass on the rest of the house republicans ,949
326,[],[],are alright. ,2147
327,"['maia', 'masvidal']",['maia'],Maia v Masvidal. This feels like a main event to me. ,3027
328,[],[],"Untreatable and terminal at mid-term elections, 2018. Maybe it is time voting for the  became a preexisting condition. ",711
329,[],[],That song will be used at that guy's child custody hearing ,1175
330,['carter page'],['carter page'],They're traitors for the obfuscation. @seanhannity and @marklevinshow &amp; others have lied about possible treason by Carter Page &amp; others. ,407
331,[],[],I thought he was supposed to b eating seaweed like his wife's lunch menu for kids ,2417
332,['camila'],[],Camila no backstage do ,2052
333,[],[],ONE DREAM ONE BAND ONE DIRECTION ,1750
334,"['ahca', 'democrats', 'house']",[],Watch as Democrats break out in song as the AHCA passes the House ,850
335,['eddie alvarez'],['eddie alvarez'],@DustinPoirier pouring it on Eddie Alvarez at ! Wow! ,2766
336,"['carter page', 'fisa']",['carter page'],FISA Warrant was issued for  advisor Carter Page. ,222
337,['michelle'],['michelle'],Suckers We are off the hook before it imploded. Let's go Michelle. ,585
338,"['carter page', 'spicer']","['carter page', 'spicer']","@ZZMAMA1 So, Carter Page and Spicer are having bad days...slmfao. ",102
339,['hrc'],['white house'],"@FBI BUT WENT AFTER HRC, NOW WE HAVE A LUNATIC IN THE WHITE HOUSE AND U HAVE BIG RESPONSIBILITY FOR THIS ",165
340,[],[],When u are about to sneeze ,1086
341,[],[],Who else wants a private serenade from @NiallOfficial?!!?? ,2004
342,['house republicans'],['house republicans'],Way to go House Republicans! Putting their seats in jeopardy for nothing! Exactly! ,604
343,[],[],Just when you think you can't love the bloke more ,3002
344,['carter'],[],"""...carter...page...now theres a name i havent heard in years.."" ",292
345,"['us', 'fisa']",['us national'],A FISA warrant against US national requires evidence they knowingly participated in clandestine intel ops. ,52
346,[],[],Tomorrow üôå ,2045
347,"['carter page', 'carter']","['carter page', 'carter']",get a clue carter page c'mon carter. carter page you dumbass. ,34
348,['liberals'],[],When Liberals show hate of   it shows their true colors - The color of racism. ,2520
349,[],[],Goodnight to everyone whose most valuable possession is either their phone or their sneakers. ,2469
350,"['maia', 'matt brown', 'jorge', 'carlos condit']","['maia', 'matt brown', 'jorge', 'carlos condit']","I want to say that Jorge is probaby about to fuck Maia up, but I thought the same for Matt Brown and Carlos Condit. ",2984
351,"['george soros', 'europe']","['george soros', 'europe']",George Soros wants to bring down Europe's borders   i ,2306
352,['rodriguez'],['rodriguez‚Äôs'],"MMAFightingDude, Rodriguez‚Äôs eye is a freakin‚Äô mess. ",2885
353,"['carter page', 'fisa']",['carter page'],"if you had carter page on your ""fisa warrant bingo"" card, please step up and collect your winnings ",298
354,[],[],is trending because of bot accounts. ,2115
355,[],[],So do your damn part! Young people haven't! They already paid in! Young people don't realize elderly citizens paid taxes over a lifetime. ,1040
356,[],[],Come to  &amp; see  having fun in‚Ä¶ Make sure you're diapered! Watching ? ,1105
357,['obamacare'],[],Obamacare failed to cure stupid...you're still whinging.. üëèüèª What made you think they wouldn't do it? They campaigned on it &amp; won. ,946
358,[],[],Will this be the flip needed to end this fiasco. ,511
359,['white supremacist'],[],I'm doing the OK symbol and I'm white üëåüèº I must be a white supremacist in liberals eyes üòÇüòÇüòÇ Oh no!!! ,2270
360,[],[],"Well... um..."" ""What's  like? ",1502
361,[],[],The age of guilt is over. ,2135
362,"['gamebredfighter', 'jorge masvidal']",['jorge masvidal'],It's demianmaia vs. Jorge Masvidal (GamebredFighter) up now.‚Ä¶ A title shot is on the line at . ,2828
363,"['nate', 'masvidal', 'demian maia']","['nate', 'demian maia']","@UFC Please don't get Nate Marquardted again by Masvidal. Dear Demian Maia, ",2787
364,[],[],Looks like there is something there. ,307
365,['liam'],[],THEY INTERVIEWED LIAM I'M SO GLAD THAT I'M WATCHING üò≠üò≠üò≠ ,2000
366,[],[],Sorry but this GIF needs to be on your timeline ,1193
367,[],[],@MileyCyrus told @officialellenk she has something up her sleeve that's going to involve a lot of balloons tonigh‚Ä¶ ,1743
368,"['russian', 'trump', 'carter page', 'washington post', 'page', 'fbi']","['trump', 'washington post', 'carter page over page']","The ""Washington Post"" says the FBI got a warrant to surveil former Trump campaign adviser Carter Page over Page's purported Russian ties. ",472
369,[],[],"It's actually the hat that sells you as a white supremacist but keep trying, sweaty :))))) ",2174
370,"['house', 'obamacare']",['house'],[VIDEO] House HAS VOTES Now To REPEAL OBAMACARE! ,709
371,[],[],And will be intercepting it ,936
372,['maia. linking park'],['linkin park'],He's got my vote. Maia walking out to Linkin park. ,2861
373,"['frankie edgar', 'mma']",['frankie edgar'],I love MMA. Frankie Edgar impregnated a man's eye tonight. ,2961
374,[],[],Me looking at this  üíÄüíÄüíÄ ,2474
375,[],[],Goin thru  tag reminds me of the episode of fairly odd parents when everyone was gray blobs bc they're all saying the same shit ,2402
376,"['frankie edgar', 'holloway']","['frankie edgar', 'holloway']",I really can't wait for his inevitable showdown with Holloway Frankie Edgar remains the gatekeeper to the top 3 of featherweight. ,2990
377,[],[],ADMINISTRATOR REQUIRED IN NELSPRUIT     ...[READ MORE] &gt;&gt; ADMIN : Mpumalanga ,1467
378,"['snapchat', 'instagram']",[],Username:‚Ä¶ Take a peek on our Snapchat / Instagram! Queen @katyperry SLAAAYED the  stage! ,1718
379,['carter page'],['carter page'],There are many players it's hard to keep straight..thx @funder for a recap you want to do a thread on Carter Page. ,448
380,[],[],And you're wondering why we're leaving? ,1454
381,"['russia oil', 'russia', 'trump', 'us', 'ceo']","['russia', 'trump']",CEO of Russia Oil offered Trump adviser he felt deal to get US sanctions lifted: ,186
382,"['maia', 'masvidal']","['maia', ""ko'd. otherwise masvidal""]","Otherwise Masvidal will be subbed in 1st. If Masvidal can take Maia into the 3rd round, Maia will tire &amp; be susceptible to be KO'd. ",2800
383,"['carter page', 'trump', 'washington post', 'fisa', 'fbi']","['carter page', 'trump', 'washington post', 'fbi']","World News; ""FBI obtained FISA warrant to monitor former Trump adviser Carter Page - Washington Post"" ",320
384,"['carter page', 'trump', 'fisa']","['carter page', 'trump']",A second 90-day renewal of the FISA warrant on Carter Page means it was granted post-election and still valid after Trump's inauguration. ,495
385,['john fugelsang'],['john fugelsang'],"LOVE you John Fugelsang! Smart, witty and knowledgeable. ",443
386,[],[],digs for the truth in @FoxNews interview w me. ,2361
387,[],[],this is the dumbest show on television ,347
388,[],[],Not bad at all! ,1257
389,['electoral college'],[],don't worry guys we could still win the electoral college ,1403
390,"['carter page', 'russia', 'paul manafort']","['carter page', 'russia', 'paul manafort']","They deny &amp; deny but the guilt is palpable. It is uncomfortable watching  ""Carter Page"" or Paul Manafort interviews discussing Russia. ",496
391,[],[],A GODDESS @katyperry üíã ,2033
392,"['house', 'senate']",['senate'],@POTUS w/C Now it will be up to the Senate and I am sure 2 committee! Now the House can say they delivered on Repeal &amp; Replace . ,661
393,[],[],It is controlled by the strong until someone else stronger comes along. The land belongs to no one. ,2506
394,['ann courter'],['ann courter'],"bad for women who are charged more for insurance than men Yet another  lie or as Ann Courter puts it... he just ""bull sh*ts"". ",609
395,['sims city'],['sims city'],My Sims City has better health coverage than . ,703
396,['yodeling'],[],IF YOU AREN'T COMBINING YODELING AND RAP YOU DON'T BELONG IN ,1324
397,['linkin park'],['linkin park'],And the OLD Linkin Park. Linkin Park. Linkin Park? ,2727
398,"['niall', 'on the loose']",[],Niall perfoming 'On the Loose' at  (via @1027KIISFM) ,1946
399,[],[],trump 1sssjxjxjxbxbdbdbbdbds 50 COLORS! ,1970
400,[],[],Well deserved   üëèüèÜüòç üáµüáπ wins the 2017  Song contest with 758 points! ,1487
401,[],[],in  @blanchemusicbe From    @Eurovision @EurovisionMex‚Ä¶ ,1540
402,[],[],May the media never lose focus ,8
403,['maia'],['maia'],Let's go Maia. ,2821
404,"['maia', 'masvidal', 'george']",['george'],"Please! Save us from backpack wrestling, George! it might be Maia but I'm hoping for Masvidal. ",2919
405,[],[],Time to make myself mad looking through posts for no reason. is trending. ,2513
406,['australian'],[],"This is why we can't have nice things. God damn it, someone with an Australian flag jumped on stage and pulled their pants down. ",1371
407,[],[],What asses!! How much did the taxpayers pay for their celebration? ,826
408,['liam'],['liam'],üì∏ | Liam at  tonight -11 ,1765
409,[],[],"Sorry, I'm not oppressed. ",2425
410,[],[],Give us @brian_littrell with a kid any day! ,1657
411,[],['special ed'],@CitizenCohn Not much discussed;  really important. Special ed services for disabled kids would be cut under the . ,843
412,[],[],you're so brave thank you for sharing your story ,2145
413,"['whites', 'nazi']",['nazi'],is trending for everyone to hate on Whites and If your a white male who's proud of his heritage you're a racist fucking NAZI ,2068
414,['violet'],"['violet', 'carson']","Hey Violet performant Guys My Age au , Carson (13/05) | realpatrickjones ",1603
415,['obama'],['obama'],But remember the real issue is the leaks from Obama officials that may or may not have happened ,319
416,[],[],The two creepy hosts get a warning in their earpieces ,1149
417,"['cuban', 'scarface', 'arriba']",['arriba'],"Lmao Cuban nigga comes out to scarface theme song winner in my book, Arriba üá®üá∫!!!!! ",2763
418,[],[],The person that figures out the answer will be a virtual Genius ,1153
419,['constitution'],['constitution'],"The Constitution was written up and signed by  üò≤üò≤ ""them crackers so evil trying to make a civilized society and shit"" üòÇüòÇ Pssst.. ",2156
420,"['scottish', 'irish']",['scottish'],üôèüá∫üá∏üòâüëçüòòüòçüíÉüåπüëå Proud to be one and of Irish and Scottish descent. Are awesome get to know them. ,2295
421,[],[],"If you ever seriously said ""but her emails,"" whatever mental disorder you have is a pre-existing condition not covered under the . ",856
422,"['gauteng', 'superior spa']",['gauteng superior spa &amp; bath'],Superior Spa &amp;amp; Bath - established co...[READ MORE] &gt;&gt; ADMIN : Gauteng ,1469
423,[],[],"Still waiting for someone to actually disprove ""deplorable."" ",1027
424,"['america', 'trump', 'dems']","['america', 'trump']","All Dems know...Name calling, riots, looting, fake news against Trump, destroy America for vindictiveness rather th‚Ä¶ ",2188
425,['frankie edgar'],['frankie edgar'],"There's just no denying it. Once again, we are reminded that Frankie Edgar is one of the greatest of all time. ",3040
426,['family services'],['family services'],Or a detox center. Or a free clinic. Or a hospital. Maybe @SpeakerRyan should go to work at a Job and Family Services for a week. ,735
427,['christians'],['christians'],Fake Christians just voted to kill their voters for a tax cut. Sounds about right. ,864
428,"['russian', 'carter page']","['russian', 'carter page']","@GuardianRover @20committee In probably the only time in my life where I'll agree with Russian spies on something, I don't think Carter Page is too bright. ",533
429,"['liberal', 'republicans']",[],THANK YOU Republicans for passing the  ! Today we are DROWNING in them. Nothing SWEETER than Liberal tears! ,791
430,[],[],Today was a good example. How do those in power get their sick jollies off? ,741
431,[],[],"Drips become waterfall, part I. ",41
432,['tokio hotel'],['tokio hotel'],Tokio Hotel is good! ,1122
433,['president'],['president'],"A sexual assault offender can become President, but a sexual assault victim cannot get healthcare. ",797
434,[],[],They hate  but use the White man's inventions daily. We have no use for anti-Whites. ,2475
435,[],[],Just in case you needed reminding what a war @stipemiocicufc vs. @junior_cigano was before the rematch at  t‚Ä¶ ,2930
436,[],[],This (!) @PeteOlson ,909
437,[],[],Dont forget that if you drink/drug drive after  you may end up with more points than ,1402
438,['house republicans'],['house republicans'],"Sorry losing isn't fun, not that I know what that feels like. House Republicans did their job and the left can't take it. ",621
439,['democrats'],[],"This isn't a sporting event ya assclowns. Yo democrats, I'm with ya and all but in the mean time , people are gonna die. ",668
440,[],[],Blacks who never lived during slavery still receiving for slavery who never lived during slavery are still paying for slavery. ,2414
441,[],[],The right thing to do is to fight for other races to have what I have had. I've been given a privilege because of my skin. ,2216
442,"['niall', 'cantando', 'this town']",[],Niall hoy cantando 'This Town' en ,1857
443,"['masvidal', 'scarface']",[],Masvidal coming out to the Scarface music and I'm immediately rooting for him ,2892
444,"['maia', 'linkin park', 'numb']","['maia', 'linkin park']",I want Maia to win just for coming out to Numb by Linkin Park ,3067
445,['frankie edgar'],['frankie edgar'],that sucks that the fight didn't go all three rounds but Frankie Edgar got their Victory and that's good enough I guess but oh well ,2752
446,[],[],I love  &amp; I'm sick of all the hate that's spewed at them from racist minorities &amp; liberals who suffer f‚Ä¶ ,2114
447,['frankie edwards'],['frankie edwards'],"So...much...swelling! Congrats, Frankie Edwards. God damn! ",2837
448,[],[],Gonna be a good one! ,2932
449,[],[],I'm not ready for this fight ,2943
450,['on the loose'],[],On The Loose via @chxudry. ,1992
451,"['eurovision', 'north cork']","['eurovision', 'north cork']","(True story, millennials) Remember the time we held Eurovision in a shed in North Cork.... ",1219
452,['ukrainian'],['ukrainian'],"Nighty night :) Congratulations to the winner and many thanks to Ukrainian soldiers who make it possible too! So,  is over. ",1198
453,[],[],CamilaNationBr: ,1795
454,[],[],Matching icons for you and your loser friend ,1284
455,[],[],"Sre you going to denounce this overt racism in your name, @GOP, @RNC, &amp; @TNGOP? ",2164
456,[],[],"Racist liberals, stop the hatred of  who support  &amp; want limited government - ‚Ä¶ ",2423
457,[],[],Post Fight Interview with @DavidcBranchMMA @BSO ,2798
458,[],[],He so upset that white people getting call on their bs ,2247
459,[],[],s  is finishing up across the country just in time 4  Please help these p‚Ä¶ ,2399
460,['australian'],[],We love and respect this contest  pls RT Important that's known. The mooner was NOT Australian. ,1157
461,"['africans', 'iq']",[],"created the Internet to give people the free speech to say stupid shit, it's not racist, it's known fact Africans have lower IQ ",2430
462,"['maia', 'masvidal']",['maia'],Masvidal - 32% Maia - 68% Fan Poll results as of writing this: ,2622
463,"['carter page', 'sean spicer']",['sean spicer carter'],I will do computer networking and IT security on   Sean Spicer Carter Page Check this out! ,154
464,[],[],"Not one single person in this very white, very male photo will be affected if the  passes. ",964
465,['congress'],['congress'],Acting like toddlers I might add! Remember folks- these are grown up adult men &amp; women elected to Congress. ,674
466,[],['brigade'],The asshole brigade. ,631
467,['uk'],['uk'],YAY! 12 points to UK! ,1479
468,['congress'],['congress'],Please support @MikeLevinCA runs for Congress against @DarrellIssa what voted YES on ,593
469,[],[],@RyanSeacrest can't help but join the @maroon5 party!!! ,1961
470,['frankie edgar'],['frankie edgar'],I have so much respect for Frankie Edgar ,2764
471,"['carter page', 'fbi']",['carter page'],FBI reportedly probed ex-Trump aide Carter Page during campaign ,360
472,[],[],But it comes w/ unearned privilege and failing to acknowledge it makes you an asshole. It's part of who I am. I like my skin. ,2516
473,[],[],So much talent in one photo üëçüèºüòÅ @alessiacara @Zedd üôåüèº ,1676
474,['australian'],[],Thank god that ugly bottom was not Australian! ,1181
475,[],[],Would u wanna b a GOPer who voted against  n has 2 face the wrath of the base or 1 who voted 4 it n has 2 face the wrath of evry1 else? ,861
476,[],[],"A religion war, a race war, a world war! Choose Your fate  this is a war. It starts with a scarf and ends with no freedom left. ",2420
477,['russia'],['russia'],"Recruited as a spy by Russia, foreign policy advisor  being investigated as part of  case. ",204
478,"['democrats', 'republicans', 'obamacare', 'house republicans']",['house republicans'],Democrats broke into this chant after House Republicans voted to repeal Obamacare ,618
479,"['maia', 'edgar']",['edgar'],Total mauling  Edgar schooled the young buck I think Maia bout to do the same ting . ,2716
480,"['scarface', 'linkin park']",['linkin park'],Scarface Theme &gt; Linkin Park  @ufc ,2839
481,['sam clovis'],['sam clovis'],"@yottapoint I would NEVER contradict, but, Sam Clovis?? ",88
482,[],[],Horrifying. Is. This. ,1740
483,"['carter page', 'trump', 'fisa', 'fbi']","['carter page', 'trump', 'fbi']",FBI obtained FISA warrant to monitor former Trump adviser Carter Page via /r/politics ,51
484,"['trump', 'carter page', 'washington post', 'barry', 'fbi', 'fisa']","['carter page', 'the washington post', 'trump', 'barry', 'fbi']",Barry WHO GAVE ORDERS ? FBI obtained FISA warrant to monitor former Trump adviser Carter Page - The Washington Post ,218
485,['obamacare'],[],for relief from the  failed Obamacare. ,635
486,"['american christians', 'jesus christ']","['american christians', 'jesus christ']",Oh my fucking god! This pic is what American Christians thinks represents the teachings of Jesus Christ. ,571
487,['reps'],[],Get in touch with your reps ,901
488,[],[],While an African American would have done life 4 what u did @realbrockturner here you go asshole.The privilege of being white. ,2118
489,[],[],@LiamPayne + @edsheeran = STRIP THAT DOWN ,1817
490,"['us', 'fisa']",[],Bar for a FISA warrant targetting US person is knowingly acting as foreign agent in a way that violates This is huge. ,25
491,[],[],"Be bold, you did this. You forgot one... Voted to make rape a pre-existing condition so women will fear to report and lose insurance. ",724
492,[],[],When someone asks how I am doing ,1090
493,"['trump', 'nunes']",['trump'],"All NG for Trump. This today, fake bombing questions, new proof Nunes lied, take your pick. @crynearson22 @tommyxtopher Yup. ",539
494,[],[],delete this ,2394
495,[],[],"Just like how any race trending isn't and shouldn't be acceptable. shouldn't be a thing, ever. ",2186
496,[],[],There's the guy in the yellow suit. I remain struck by the diversity. ,557
497,[],[],"üëèüèº If you're not racist, nothing about this should offend you. Correct. ",2086
498,['gorilla'],[],0/10 UNTIL THAT GORILLA CAME OUT 100000/10 ,1481
499,"['cbo', 'trump']",['trump'],Why do you think the republicans outran that score? Wait till the Trump followers get a load of that. the   has no CBO score. ,922
500,[],[],"You will hear us! You are the death panel! You sentenced innocent folks to death! Screw you! @RepMcSally, ",759
501,"['masvidal', 'shadow boxing']",[],I love that Masvidal doesn't even try to play to the cameras when shadowboxing ,2656
502,[],[],Oh wait... ,2557
503,[],[],Same people against  R the main ones that need itü§îcuz  is 4 the rich &amp; uninjured &amp; U aint RichüòÇ ,828
504,[],[],He just sent a reminder to anyone who doubted him going into this fight @FrankieEdgar was fired up walking by media row. ,2757
505,['carter page'],['carter page'],"@normative Which says a LOT about Carter Page, ",145
506,[],[],JUST DO IT for your lover ,1299
507,[],[],Needs more inspirational quotes 0/10 ,1266
508,[],[],Well at least this takes the heat off @PressSec ,35
509,[],[],I see white people. ,983
510,[],[],Agreed ,920
511,[],[],Check out this thread. ,1004
512,['scarface'],[],Gotta say @GamebredFighter coming out to the Scarface music is pretty sweet @ufc ,2890
513,"['russia', 'maxine waters']","['russia', 'maxine waters']","THANK YOU for not EVER letting go of the REAL scandal: TREASON, collusion with Russia. Maxine Waters is DA WOMAN. ",143
514,['bidet'],[],I CAN'T BELIEVE WE LOSE TO PEOPLE THAT DON'T EVEN KNOW WHAT A BIDET IS ,1343
515,"['stipe', 'junior']",['junior'],May the best champion win ! Let's go Junior vs Stipe !! ,2935
516,[],[],THIS x 1000000000 ,2259
517,['frankie edgar'],['frankie edgar'],That's all. Frankie Edgar is phenomenal. ,2883
518,['europeans'],['europeans'],Atrocities commited by Europeans against indigenous people worldwide NOTHING2 B rejoicing N. Europeans R Great! Who ever told U 2B ashamed? ,2089
519,['european'],[],üá∫üá∏üëåüèº I love my European heritage. Don't be ashamed of your race or loving your heritage because it's a taboo now. I love . ,2142
520,[],[],When you love brutal knockouts but still keep it classy  @MMARoasted @MMA_Inciter @MoTownPhenom‚Ä¶ ,2977
521,[],[],That vocal tone though üíù ,1173
522,"['maia', 'masvidal']",['god'],"Masvidal/Maia @ufc @lthomasnews God, this fight is special. ",2773
523,[],[],Congratulations to  who won for the first tim‚Ä¶ Here are the full results of  2017 Grand Final! ,1354
524,[],[],Cause  are the problem w ,2167
525,['camila cabello'],['camila cabello'],CAMILA CABELLO IS COMING FOR BLOOD PASS IT ON ,1965
526,"['numb', 'ariel g', 'scarface', 'jorge masvidal', 'linkin park', 'demian maia']","['ost', 'ariel', 'demian maia', 'scarface', 'jorge masvidal', 'linkin park', 'numb']","Demian Maia to ""Numb"" by Linkin Park Jorge Masvidal out to ""Scarface (Remix)"" by Ariel G from the ""Scarface"" OST. ",3017
527,['america'],['america'],don't own America I guess. ,2382
528,[],[],Backstage babes @MileyCyrus x @halsey üòçüî•üéâ ,1998
529,"['carter page', 'trump', 'fisa', 'fbi']","['carter page', 'trump', 'fbi']",Revealed: FBI obtained FISA warrant to monitor former Trump adviser Carter Page ,258
530,"['gop', 'aca']",['gop'],Meet the pre-existing conditions! BREAKING: The GOP voted (217:213) to repeal the ACA. ,906
531,['miley'],[],Miley backstage ,1570
532,[],[],@GamebredFighter / @demianmaia Who u guys got? ,2895
533,[],[],Let's hope this fight delivers. If @GamebredFighter can pull this off it will be awesome! ,3052
534,"['carter page', 'fbi']",['carter page'],No. Is carter page being charged? Just BS conjecture. @RDebag @jaketapper @MichLKosinski Like I said (and the FBI said) Zero evidence. ,59
535,[],[],I hate him and them and the bill ,862
536,[],[],"Easy to state; provide examples. @_Makada_ Explain ""racism against ."" ",2522
537,[],[],(@allelbows) Oh my. ,2595
538,"['comey', 'clinton']",['clinton'],"Comey didn't announce this but on October 28, he went out of his way to announce the non-story of Clinton's emails ",129
539,['nazi'],['nazi'],I think we discovered today that @seanspicer is a closet Nazi. ,106
540,[],[],The whole thread ,675
541,[],[],üì∏  and  at ,1675
542,[],[],How can repub voters think that is ok?? And exempt themselves from the rules. ,952
543,"['yair', 'edgar']","['edgar', 'ppv']","NEXT on PPV Yair. Edgar. We are so, so spoiled from here on out .. ",2997
544,[],[],It's always nice when your friends show up to support you! ,1304
545,"['carter page', 'russia', 'trump', 'fisa', 'fbi']","['carter page', 'russia', 'trump']",Why those connected 2 @POTUS also connected 2 Russia? FBI got FISA warrant 2 monitor Trump adviser Carter Page. ,97
546,[],[],When most of it today is against us! are the only only racial group in this country who is accused of racism on a daily basis. ,2228
547,['homophobes'],[],Homophobes? ,2257
548,[],['our village'],@aaroncarter is up next at our  Village. ,1885
549,['americans'],[],it certainly feels like the  of  aka  came after older Americans w/ the  bill. Since its . ,744
550,[],['god'],God the hosts of  are funny lol ,1370
551,[],[],*Scoffs* ,525
552,[],[],Dude's gonna sing like a bird. ,232
553,"['carter page', 'spicer']","['carter page', 'spicer']",Spicer owes Carter Page... ,114
554,['poland'],[],It was like the same 6 words over and over again. Polands song in  was garbage. ,1231
555,[],[],"""You gotta get off your [insert expletive here]"" ",1501
556,['affordable care act'],[],Affordable Care Act  Drove Down Personal Bankruptcy - @ConsumerReports Cool!!!! ,596
557,[],[],"""I'll tell you who else gave 12 points to  "" ",1509
558,"['camila', 'snapchat']",[],Camila no Snapchat da @1027KIISFM ,1849
559,['george soros'],"['george soros', 'god']",George Soros thinks he's God   i ,2235
560,"['m√•ns', 'petra']","['m√•ns', 'petra']","No other presenters will ever beat M√•ns and Petra's performance last year of ""love love peace peace"" and I'm just s‚Ä¶ ",1262
561,[],[],affirmative ,2187
562,['niall'],[],Niall onstage at @1027KIISFM  today! ,2051
563,[],[],This is just the beginning y'all ‚úåüèΩ ,1943
564,['jorge'],"['jorge', 'itunes']","Heading to itunes now hahaha Jorge with the scar face soundtrack walkout , I like the vibes  . ",3031
565,[],[],We're back! ,2337
566,[],[],Can't wait to see you perform later at Love you @HaileeSteinfeld!!! ,1831
567,[],[],I'm watching @niallhorran play at  and @Liampayne is standing directly next to me. ,1627
568,[],[],It's Goh-time! ,981
569,[],[],"üòí  On Being Black, 'Woke,' And Dating White People ‚û°Ô∏è ‚û°Ô∏è ",2375
570,[],[],"""Give him a chance,"" they said. ",648
571,[],[],If left up to @TheDemocrats it will be the end of ‚Ä¶ Or just a matter of time? .Science fiction? ,2221
572,['camila'],['camila'],Camila tonight via @901Music. ,1897
573,[],[],Shame! ,774
574,"['scarface', 'jorge masvidal']","['scarface', 'jorge masvidal']",Jorge Masvidal entering to the Scarface theme is super duper gangster. ,3035
575,['sjw'],[],Somewhere a SJW is making the case that ALL whites are bad... while telling them not to generalize other races ;) is trending. ,2300
576,['camila'],['camila'],Camila on 's red carpet. ,1770
577,['gop'],[],How would you like history to remember you? Got to ask all fifty GOP senators this question with the utmost respect ,898
578,"['america', 'obama', 'muslims', 'american people']","['america', 'obama']",What did he do for you? He fooled black+white America. His loyalty was to his Muslims in the hood. OBAMA HAS FAILED THE AMERICAN PEOPLE! ,602
579,[],[],GONE GIRLS AND BOYS! ,836
580,"['frankieedgar', 'yair']",['yair'],Huge shots by FrankieEdgar land on Yair! ,2926
581,[],[],Fuck you. ,1379
582,['miley'],['miley'],Miley with her friends &amp; crew backstage at . ,1684
583,['eddie alvarez'],['eddie alvarez'],"Let's run it back"" Eddie Alvarez on no contest vs @DustinPoirier ",3016
584,['maryland'],['maryland'],"Good, at least I'll only have to work to get one representative thrown out next year. Only one from Maryland? ",950
585,['camila'],[],Camila and @machinegunkelly during their performance on  (@MarcusRFrancis on Instagram story)‚Ä¶ ,1973
586,['apocalypse'],[],The four horsemen of the apocalypse. ,1165
587,['usa'],['usa'],"And tell the Senate to . If your Rep voted against it, thank them. If your Rep voted for , call them on it. Again, USA: ",756
588,[],[],@aaroncarter is back üôåüèºüôåüèºüôåüèº ,1877
589,['paul ryan'],['paul ryan'],"Thanks for taking away healthcare from millions Paul Ryan, you smug son of a bitch ",958
590,['liam'],['liam'],üì∏ | Liam at  tonight -5 ,1909
591,"['risacea', 'asthma', 'ibs', 'ncah']",[],NCAH. IBS. Rosacea. Asthma. Depression. Anxiety. Disabled from being the meat in 3-car sandwich. Female. ,736
592,[],[],@GamebredFighter wins the battle of walk out music. ,2659
593,"['liam payne', 'jordan fisher', 'wango tango', 'sofia carson']","['liam payne', 'jordan fisher', 'wango tango', 'sofia carson']","Liam Payne, Sofia Carson and Jordan Fisher Attend Wango Tango! ",1905
594,['maroon 5'],[],YES PLEASE MORE MAROON 5 ‚ù§ ,1971
595,[],[],We know for the Whites...Thanks in advance. Can someone name the number of genocides committed by Blacks? ,2172
596,['republicans'],['billionaires'],Check your wallet to see which one you are. Billionaires and Suckers. There are two kinds of republicans; ,2236
597,[],[],nothing to see here move along pay no attention to the man behind the curtain ,112
598,[],[],This is my main event ,2775
599,['dm'],[],U have a secret here is a place to share it no judgements or DM is cool too ,2770
600,[],[],Dentist : pretty fuck‚Ä¶ Teeth: *colonize half the world* Her : how white they are ? Dentist : ur teeth are so white ,2182
601,[],[],"like @billclinton had kids named  and didnt own up to him, yet many  voted for his wife. ",2558
602,[],[],@julesk_fighter loving this @demianmaia walkout music ,2605
603,[],[],lets hope this is proven wrong. ,2825
604,['prince'],"['prince', 'yaaaay maroon']",üò≠üò≠ Yaaaay Maroon 5 with the Prince cover!!!! ,1637
605,"['yodeling', 'thatcher', 'antisemitism', 'blair', 'theresa may', 'hitler', 'imperialism', 'mussolini']","['thatcher', 'antisemitism', 'blair', 'theresa may', 'hitler', 'imperialism', 'mussolini', 'europe']","Yodeling might be worst thing Europe created after Hitler, Mussolini, Imperialism, Antisemitism, Thatcher, Blair &amp; Theresa May ",1061
606,[],[],üìÜ Tonight! üèÜ Heavyweight Champ üá≠üá∑üá∫üá∏ @stipemiocicufc ,2751
607,"['carter page', 'russia', 'obama']","['carter page', 'russia', 'obama']",@OcAugust @washingtonpost @Circa Carter Page was approached by Russia but told them to kiss off and Obama admin used that to smear him ,505
608,"['fairytale', 'alexander rybak']",['alexander rybak'],"Fairytale by Alexander Rybak. Check our the best ever  winner. Ah, this is boring. ",1462
609,[],[],it's quase time ,2646
610,[],[],Great fights  has been great. ,3060
611,[],['god'],God won't let you get away with hurting so many people over healthcare @SenateMajLdr @SpeakerRyan @HouseGOP @SenateGOP @POTUS Fuck you all. ,804
612,['carter page'],['carter page comrade'],@mitchellvii What about Carter Page comrade? ,392
